{"cameraMode":{"drawMode":0,"name":"Shaded","section":"Shading Mode"},"sceneLighting":true,"audioPlay":false,"sceneViewState":{"m_AlwaysRefresh":false,"showFog":true,"showSkybox":true,"showFlares":true,"showImageEffects":true,"showParticleSystems":true,"showVisualEffectGraphs":true,"m_FxEnabled":true},"in2DMode":false,"pivot":{"x":16.616178512573243,"y":8.178004264831543,"z":31.44291877746582},"rotation":{"x":-0.14395451545715333,"y":-0.37174949049949648,"z":0.05845918133854866,"w":-0.9152654409408569},"size":25.770837783813478,"orthographic":true}